0,1,2,3,4,5,6,7,8,9,10
"*Data in this report goes back to 2000. For previous data (all-carrier summary only), go to Airline Fuel Cost and Consumption (1977 - 1999). For Upcoming Release Schedule and other fuel cost and consumption information, go to Fuel Cost and Consumption. *For public released data, go to Release History for carrier reporting status.  *October - March 2026 data are preliminary. Individual carrier information is not available for this time period. Airline fuel costs may be affected by hedging. *Individual carrier fuel gallons consumed may be skewed due to fuel paid for by another party has been subtracted out to arrive at a reasonable price/gallon cost. Quarterly fuel gallons issued on the P5.1 or P5.2, account Z9210, may be a more accurate database for measuring fuel gallons consumed.","*Data in this report goes back to 2000. For previous data (all-carrier summary only), go to Airline Fuel Cost and Consumption (1977 - 1999). For Upcoming Release Schedule and other fuel cost and consumption information, go to Fuel Cost and Consumption. *For public released data, go to Release History for carrier reporting status.  *October - March 2026 data are preliminary. Individual carrier information is not available for this time period. Airline fuel costs may be affected by hedging. *Individual carrier fuel gallons consumed may be skewed due to fuel paid for by another party has been subtracted out to arrive at a reasonable price/gallon cost. Quarterly fuel gallons issued on the P5.1 or P5.2, account Z9210, may be a more accurate database for measuring fuel gallons consumed.","*Data in this report goes back to 2000. For previous data (all-carrier summary only), go to Airline Fuel Cost and Consumption (1977 - 1999). For Upcoming Release Schedule and other fuel cost and consumption information, go to Fuel Cost and Consumption. *For public released data, go to Release History for carrier reporting status.  *October - March 2026 data are preliminary. Individual carrier information is not available for this time period. Airline fuel costs may be affected by hedging. *Individual carrier fuel gallons consumed may be skewed due to fuel paid for by another party has been subtracted out to arrive at a reasonable price/gallon cost. Quarterly fuel gallons issued on the P5.1 or P5.2, account Z9210, may be a more accurate database for measuring fuel gallons consumed.","*Data in this report goes back to 2000. For previous data (all-carrier summary only), go to Airline Fuel Cost and Consumption (1977 - 1999). For Upcoming Release Schedule and other fuel cost and consumption information, go to Fuel Cost and Consumption. *For public released data, go to Release History for carrier reporting status.  *October - March 2026 data are preliminary. Individual carrier information is not available for this time period. Airline fuel costs may be affected by hedging. *Individual carrier fuel gallons consumed may be skewed due to fuel paid for by another party has been subtracted out to arrive at a reasonable price/gallon cost. Quarterly fuel gallons issued on the P5.1 or P5.2, account Z9210, may be a more accurate database for measuring fuel gallons consumed.","*Data in this report goes back to 2000. For previous data (all-carrier summary only), go to Airline Fuel Cost and Consumption (1977 - 1999). For Upcoming Release Schedule and other fuel cost and consumption information, go to Fuel Cost and Consumption. *For public released data, go to Release History for carrier reporting status.  *October - March 2026 data are preliminary. Individual carrier information is not available for this time period. Airline fuel costs may be affected by hedging. *Individual carrier fuel gallons consumed may be skewed due to fuel paid for by another party has been subtracted out to arrive at a reasonable price/gallon cost. Quarterly fuel gallons issued on the P5.1 or P5.2, account Z9210, may be a more accurate database for measuring fuel gallons consumed.","*Data in this report goes back to 2000. For previous data (all-carrier summary only), go to Airline Fuel Cost and Consumption (1977 - 1999). For Upcoming Release Schedule and other fuel cost and consumption information, go to Fuel Cost and Consumption. *For public released data, go to Release History for carrier reporting status.  *October - March 2026 data are preliminary. Individual carrier information is not available for this time period. Airline fuel costs may be affected by hedging. *Individual carrier fuel gallons consumed may be skewed due to fuel paid for by another party has been subtracted out to arrive at a reasonable price/gallon cost. Quarterly fuel gallons issued on the P5.1 or P5.2, account Z9210, may be a more accurate database for measuring fuel gallons consumed.","*Data in this report goes back to 2000. For previous data (all-carrier summary only), go to Airline Fuel Cost and Consumption (1977 - 1999). For Upcoming Release Schedule and other fuel cost and consumption information, go to Fuel Cost and Consumption. *For public released data, go to Release History for carrier reporting status.  *October - March 2026 data are preliminary. Individual carrier information is not available for this time period. Airline fuel costs may be affected by hedging. *Individual carrier fuel gallons consumed may be skewed due to fuel paid for by another party has been subtracted out to arrive at a reasonable price/gallon cost. Quarterly fuel gallons issued on the P5.1 or P5.2, account Z9210, may be a more accurate database for measuring fuel gallons consumed.","*Data in this report goes back to 2000. For previous data (all-carrier summary only), go to Airline Fuel Cost and Consumption (1977 - 1999). For Upcoming Release Schedule and other fuel cost and consumption information, go to Fuel Cost and Consumption. *For public released data, go to Release History for carrier reporting status.  *October - March 2026 data are preliminary. Individual carrier information is not available for this time period. Airline fuel costs may be affected by hedging. *Individual carrier fuel gallons consumed may be skewed due to fuel paid for by another party has been subtracted out to arrive at a reasonable price/gallon cost. Quarterly fuel gallons issued on the P5.1 or P5.2, account Z9210, may be a more accurate database for measuring fuel gallons consumed.","*Data in this report goes back to 2000. For previous data (all-carrier summary only), go to Airline Fuel Cost and Consumption (1977 - 1999). For Upcoming Release Schedule and other fuel cost and consumption information, go to Fuel Cost and Consumption. *For public released data, go to Release History for carrier reporting status.  *October - March 2026 data are preliminary. Individual carrier information is not available for this time period. Airline fuel costs may be affected by hedging. *Individual carrier fuel gallons consumed may be skewed due to fuel paid for by another party has been subtracted out to arrive at a reasonable price/gallon cost. Quarterly fuel gallons issued on the P5.1 or P5.2, account Z9210, may be a more accurate database for measuring fuel gallons consumed.","*Data in this report goes back to 2000. For previous data (all-carrier summary only), go to Airline Fuel Cost and Consumption (1977 - 1999). For Upcoming Release Schedule and other fuel cost and consumption information, go to Fuel Cost and Consumption. *For public released data, go to Release History for carrier reporting status.  *October - March 2026 data are preliminary. Individual carrier information is not available for this time period. Airline fuel costs may be affected by hedging. *Individual carrier fuel gallons consumed may be skewed due to fuel paid for by another party has been subtracted out to arrive at a reasonable price/gallon cost. Quarterly fuel gallons issued on the P5.1 or P5.2, account Z9210, may be a more accurate database for measuring fuel gallons consumed.","*Data in this report goes back to 2000. For previous data (all-carrier summary only), go to Airline Fuel Cost and Consumption (1977 - 1999). For Upcoming Release Schedule and other fuel cost and consumption information, go to Fuel Cost and Consumption. *For public released data, go to Release History for carrier reporting status.  *October - March 2026 data are preliminary. Individual carrier information is not available for this time period. Airline fuel costs may be affected by hedging. *Individual carrier fuel gallons consumed may be skewed due to fuel paid for by another party has been subtracted out to arrive at a reasonable price/gallon cost. Quarterly fuel gallons issued on the P5.1 or P5.2, account Z9210, may be a more accurate database for measuring fuel gallons consumed."
* Note: Use ExpressJet (EV) for Atlantic Southeast (EV) through 2011 and for combined ExpressJet-Atlantic Southeast (EV) beginning January 2012. Use ExpressJet (XE) for ExpressJet (XE) through 2011.,* Note: Use ExpressJet (EV) for Atlantic Southeast (EV) through 2011 and for combined ExpressJet-Atlantic Southeast (EV) beginning January 2012. Use ExpressJet (XE) for ExpressJet (XE) through 2011.,* Note: Use ExpressJet (EV) for Atlantic Southeast (EV) through 2011 and for combined ExpressJet-Atlantic Southeast (EV) beginning January 2012. Use ExpressJet (XE) for ExpressJet (XE) through 2011.,* Note: Use ExpressJet (EV) for Atlantic Southeast (EV) through 2011 and for combined ExpressJet-Atlantic Southeast (EV) beginning January 2012. Use ExpressJet (XE) for ExpressJet (XE) through 2011.,* Note: Use ExpressJet (EV) for Atlantic Southeast (EV) through 2011 and for combined ExpressJet-Atlantic Southeast (EV) beginning January 2012. Use ExpressJet (XE) for ExpressJet (XE) through 2011.,* Note: Use ExpressJet (EV) for Atlantic Southeast (EV) through 2011 and for combined ExpressJet-Atlantic Southeast (EV) beginning January 2012. Use ExpressJet (XE) for ExpressJet (XE) through 2011.,* Note: Use ExpressJet (EV) for Atlantic Southeast (EV) through 2011 and for combined ExpressJet-Atlantic Southeast (EV) beginning January 2012. Use ExpressJet (XE) for ExpressJet (XE) through 2011.,* Note: Use ExpressJet (EV) for Atlantic Southeast (EV) through 2011 and for combined ExpressJet-Atlantic Southeast (EV) beginning January 2012. Use ExpressJet (XE) for ExpressJet (XE) through 2011.,* Note: Use ExpressJet (EV) for Atlantic Southeast (EV) through 2011 and for combined ExpressJet-Atlantic Southeast (EV) beginning January 2012. Use ExpressJet (XE) for ExpressJet (XE) through 2011.,* Note: Use ExpressJet (EV) for Atlantic Southeast (EV) through 2011 and for combined ExpressJet-Atlantic Southeast (EV) beginning January 2012. Use ExpressJet (XE) for ExpressJet (XE) through 2011.,* Note: Use ExpressJet (EV) for Atlantic Southeast (EV) through 2011 and for combined ExpressJet-Atlantic Southeast (EV) beginning January 2012. Use ExpressJet (XE) for ExpressJet (XE) through 2011.
Annual Year-to-Date % Change Over Previous Month % Change Over Same Month of Previous Year,Annual Year-to-Date % Change Over Previous Month % Change Over Same Month of Previous Year,Annual Year-to-Date % Change Over Previous Month % Change Over Same Month of Previous Year,Annual Year-to-Date % Change Over Previous Month % Change Over Same Month of Previous Year,Annual Year-to-Date % Change Over Previous Month % Change Over Same Month of Previous Year,Annual Year-to-Date % Change Over Previous Month % Change Over Same Month of Previous Year,Annual Year-to-Date % Change Over Previous Month % Change Over Same Month of Previous Year,Annual Year-to-Date % Change Over Previous Month % Change Over Same Month of Previous Year,Annual Year-to-Date % Change Over Previous Month % Change Over Same Month of Previous Year,View Chart,View Chart
Year,Month,Domestic,Domestic,Domestic,International,International,International,Total,Total,Total
Year,Month,Consumption (million gallons),Cost (million dollars),Cost per Gallon (dollars),Consumption (million gallons),Cost (million dollars),Cost per Gallon ( dollars),Consumption (million gallons),Cost (million dollars),Cost per Gallon (dollars)
2000,January,1108.6,766.5,0.69,386.8,313.6,0.81,1495.4,1080.1,0.72
2000,February,1068.4,772.3,0.72,366.8,298.7,0.81,1435.2,1071.1,0.75
2000,March,1174.3,875.5,0.75,399.7,330.1,0.83,1574.0,1205.6,0.77
2000,April,1145.3,841.9,0.74,407.9,336.7,0.83,1553.1,1178.7,0.76
2000,May,1174.2,833.3,0.71,434.4,337.9,0.78,1608.6,1171.2,0.73
2000,June,1183.8,809.9,0.68,448.5,345.9,0.77,1632.3,1155.8,0.71
2000,July,1223.9,931.7,0.76,463.1,374.7,0.81,1687.0,1306.3,0.77
2000,August,1229.0,954.5,0.78,468.8,398.9,0.85,1697.8,1353.4,0.80
2000,September,1099.0,928.9,0.85,446.5,421.1,0.94,1545.5,1350.0,0.87
2000,October,1195.6,1052.0,0.88,452.1,428.6,0.95,1647.7,1480.6,0.90
2000,November,1151.9,1005.9,0.87,419.2,395.5,0.94,1571.1,1401.4,0.89
2000,December,1149.9,1038.2,0.90,428.6,406.0,0.95,1578.5,1444.2,0.91
2000 Total,2000 Total,13903.7,10810.6,0.78,5122.5,4387.8,0.86,19026.2,15198.4,0.80
2001,January,1153.4,983.0,0.85,416.7,370.0,0.89,1570.1,1352.9,0.86
2001,February,1066.8,898.3,0.84,386.6,335.7,0.87,1453.4,1234.0,0.85
2001,March,1181.7,936.5,0.79,443.1,377.6,0.85,1624.7,1314.1,0.81
2001,April,1124.4,865.5,0.77,434.8,349.1,0.80,1559.1,1214.6,0.78
2001,May,1175.4,946.4,0.81,454.2,372.8,0.82,1629.7,1319.2,0.81
2001,June,1184.4,951.8,0.80,452.8,373.8,0.83,1637.2,1325.6,0.81
2001,July,1213.7,937.2,0.77,466.5,379.9,0.81,1680.2,1317.1,0.78
2001,August,1245.8,948.4,0.76,472.1,374.7,0.79,1718.0,1323.1,0.77
2001,September,888.5,703.0,0.79,369.2,292.7,0.79,1257.7,995.7,0.79
2001,October,971.7,688.2,0.71,358.0,275.3,0.77,1329.7,963.5,0.72
2001,November,935.3,618.5,0.66,347.0,249.8,0.72,1282.3,868.2,0.68
2001,December,970.9,548.0,0.56,354.5,238.0,0.67,1325.5,786.0,0.59
2001 Total,2001 Total,13112.1,10024.7,0.76,4955.6,3989.5,0.81,18067.6,14014.2,0.78
% Chg over 2000,% Chg over 2000,-5.69%,-7.27%,-1.67%,-3.26%,-9.08%,-6.01%,-5.04%,-7.79%,-2.90%
2002,January,974.8,580.2,0.60,350.0,231.7,0.66,1324.9,811.9,0.61
2002,February,907.1,556.5,0.61,321.8,200.9,0.62,1228.9,757.5,0.62
2002,March,1042.6,639.0,0.61,364.3,227.4,0.62,1406.9,866.4,0.62
2002,April,1007.3,696.2,0.69,366.9,252.8,0.69,1374.2,949.1,0.69
2002,May,1041.5,726.3,0.70,391.6,278.3,0.71,1433.1,1004.6,0.70
2002,June,1062.7,707.2,0.67,394.2,277.1,0.70,1456.9,984.3,0.68
2002,July,1108.9,781.6,0.70,415.1,300.9,0.72,1524.0,1082.4,0.71
2002,August,1106.1,795.0,0.72,421.0,314.1,0.75,1527.0,1109.1,0.73
2002,September,979.7,748.4,0.76,396.3,308.2,0.78,1376.0,1056.6,0.77
2002,October,1053.8,850.0,0.81,405.1,340.7,0.84,1458.9,1190.7,0.82
2002,November,989.0,758.4,0.77,367.5,299.9,0.82,1356.5,1058.3,0.78
2002,December,1013.7,764.0,0.75,377.7,302.7,0.80,1391.4,1066.8,0.77
2002 Total,2002 Total,12287.2,8602.9,0.70,4571.6,3334.8,0.73,16858.7,11937.7,0.71
% Chg over 2001,% Chg over 2001,-6.29%,-14.18%,-8.42%,-7.75%,-16.41%,-9.39%,-6.69%,-14.82%,-8.71%
2003,January,1027.6,855.2,0.83,377.8,339.5,0.90,1405.4,1194.7,0.85
2003,February,928.9,815.4,0.88,329.9,313.5,0.95,1258.8,1128.9,0.90
2003,March,1061.1,1050.7,0.99,374.2,360.1,0.96,1435.2,1410.9,0.98
2003,April,996.2,828.1,0.83,338.1,309.3,0.91,1334.3,1137.4,0.85
2003,May,1022.1,775.6,0.76,374.9,271.5,0.72,1397.0,1047.1,0.75
2003,June,1041.1,778.6,0.75,361.6,287.8,0.80,1402.6,1066.4,0.76
2003,July,1105.3,861.4,0.78,390.9,315.9,0.81,1496.3,1177.3,0.79
2003,August,1103.2,909.9,0.82,401.5,338.0,0.84,1504.7,1247.9,0.83
2003,September,993.6,796.5,0.80,389.5,317.1,0.81,1383.1,1113.6,0.81
2003,October,1055.0,857.5,0.81,383.4,328.2,0.86,1438.5,1185.7,0.82
2003,November,1007.5,844.7,0.84,360.4,317.5,0.88,1367.8,1162.2,0.85
2003,December,1075.4,941.8,0.88,368.9,339.8,0.92,1444.3,1281.6,0.89
2003 Total,2003 Total,12417.0,10315.4,0.83,4451.0,3838.2,0.86,16868.0,14153.7,0.84
% Chg over 2002,% Chg over 2002,1.06%,19.91%,18.65%,-2.64%,15.10%,18.21%,0.06%,18.56%,18.50%
2004,January,1065.2,1008.2,0.95,371.3,368.9,0.99,1436.5,1377.1,0.96
2004,February,1032.4,997.4,0.97,347.1,352.4,1.02,1379.5,1349.8,0.98
2004,March,1140.5,1116.5,0.98,373.6,394.5,1.06,1514.0,1511.0,1.00
2004,April,1094.4,1092.5,1.00,380.9,393.6,1.03,1475.4,1486.1,1.01
2004,May,1120.4,1206.5,1.08,402.4,443.9,1.10,1522.8,1650.5,1.08
2004,June,1136.3,1218.3,1.07,413.0,465.8,1.13,1549.3,1684.1,1.09
2004,July,1181.6,1309.0,1.11,432.1,493.7,1.14,1613.7,1802.8,1.12
2004,August,1185.4,1392.0,1.17,432.4,530.8,1.23,1617.8,1922.8,1.19
2004,September,1058.2,1304.4,1.23,402.3,523.5,1.30,1460.5,1827.9,1.25
2004,October,1137.9,1562.7,1.37,411.8,592.4,1.44,1549.8,2155.2,1.39
2004,November,1084.8,1479.2,1.36,390.2,569.3,1.46,1475.0,2048.4,1.39
2004,December,1142.8,1454.4,1.27,407.5,561.8,1.38,1550.3,2016.2,1.30
2004 Total,2004 Total,13380.0,15141.2,1.13,4764.7,5690.7,1.19,18144.7,20831.9,1.15
% Chg over 2003,% Chg over 2003,7.76%,46.78%,36.22%,7.05%,48.26%,38.50%,7.57%,47.18%,36.83%
2005,January,1084.7,1378.2,1.27,405.2,538.7,1.33,1489.9,1916.9,1.29
2005,February,1017.0,1333.5,1.31,368.3,503.0,1.37,1385.3,1836.5,1.33
2005,March,1162.9,1675.5,1.44,424.1,604.0,1.42,1587.0,2279.4,1.44
2005,April,1098.7,1705.3,1.55,410.4,698.8,1.70,1509.1,2404.1,1.59
2005,May,1123.6,1699.2,1.51,426.1,700.0,1.64,1549.7,2399.2,1.55
2005,June,1148.9,1777.3,1.55,441.0,709.6,1.61,1589.9,2486.9,1.56
2005,July,1193.7,1915.2,1.60,460.9,785.7,1.70,1654.6,2701.0,1.63
2005,August,1185.4,2118.3,1.79,456.7,816.1,1.79,1642.2,2934.3,1.79
2005,September,1054.4,1986.0,1.88,421.9,829.2,1.97,1476.2,2815.2,1.91
2005,October,1062.0,2280.4,2.15,417.1,886.5,2.13,1479.1,3166.9,2.14
2005,November,1055.1,1961.0,1.86,393.3,783.7,1.99,1448.4,2744.6,1.89
2005,December,1097.8,1853.0,1.69,415.3,745.6,1.80,1513.1,2598.6,1.72
2005 Total,2005 Total,13284.2,21682.9,1.63,5040.3,8600.8,1.71,18324.5,30283.7,1.65
% Chg over 2004,% Chg over 2004,-0.72%,43.20%,44.24%,5.78%,51.14%,42.87%,0.99%,45.37%,43.95%
2006,January,1048.0,1874.3,1.79,411.2,748.2,1.82,1459.2,2622.6,1.80
2006,February,967.2,1754.9,1.81,372.1,693.6,1.86,1339.3,2448.5,1.83
2006,March,1118.0,2015.1,1.80,440.4,824.0,1.87,1558.4,2839.1,1.82
2006,April,1070.8,2026.3,1.89,426.2,838.3,1.97,1497.0,2864.6,1.91
2006,May,1084.9,2213.0,2.04,448.1,937.7,2.09,1533.0,3150.7,2.06
2006,June,1117.3,2294.3,2.05,437.9,955.2,2.18,1555.3,3249.5,2.09
2006,July,1141.9,2370.7,2.08,472.8,1023.5,2.16,1614.8,3394.2,2.10
2006,August,1160.5,2460.3,2.12,474.4,1044.0,2.20,1634.9,3504.3,2.14
2006,September,1052.0,2091.7,1.99,441.3,954.7,2.16,1493.3,3046.4,2.04
2006,October,1095.4,2041.9,1.86,440.0,887.2,2.02,1535.4,2929.1,1.91
2006,November,1061.6,1914.8,1.80,423.8,800.3,1.89,1485.4,2715.1,1.83
2006,December,1101.7,2048.1,1.86,432.0,828.4,1.92,1533.7,2876.5,1.88
2006 Total,2006 Total,13019.4,25105.4,1.93,5220.3,10535.2,2.02,18239.7,35640.6,1.95
% Chg over 2005,% Chg over 2005,-1.99%,15.78%,18.14%,3.57%,22.49%,18.27%,-0.46%,17.69%,18.24%
2007,January,1062.2,1929.7,1.82,431.5,821.4,1.90,1493.7,2751.0,1.84
2007,February,970.1,1689.2,1.74,382.6,681.1,1.78,1352.6,2370.3,1.75
2007,March,1113.2,2019.1,1.81,450.7,838.4,1.86,1563.9,2857.6,1.83
2007,April,1075.9,2082.1,1.94,436.6,851.8,1.95,1512.5,2933.8,1.94
2007,May,1101.8,2248.2,2.04,456.8,985.0,2.16,1558.5,3233.2,2.07
2007,June,1114.5,2255.3,2.02,468.4,982.2,2.10,1582.9,3237.5,2.05
2007,July,1143.2,2391.2,2.09,499.3,1062.0,2.13,1642.4,3453.3,2.10
2007,August,1157.2,2455.4,2.12,496.1,1093.2,2.20,1653.3,3548.6,2.15
2007,September,1038.4,2183.8,2.10,455.0,977.7,2.15,1493.4,3161.4,2.12
2007,October,1092.0,2404.1,2.20,457.3,1044.1,2.28,1549.4,3448.3,2.23
2007,November,1047.5,2541.9,2.43,435.1,1114.0,2.56,1482.5,3655.9,2.47
2007,December,1083.0,2699.9,2.49,458.6,1234.1,2.69,1541.6,3934.0,2.55
2007 Total,2007 Total,12998.8,26899.9,2.07,5428.0,11685.0,2.15,18426.8,38584.9,2.09
% Chg over 2006,% Chg over 2006,-0.16%,7.15%,7.32%,3.98%,10.91%,6.67%,1.03%,8.26%,7.16%
2008,January,1071.6,2747.8,2.56,451.1,1229.4,2.73,1522.7,3977.2,2.61
2008,February,1025.7,2613.4,2.55,418.4,1119.1,2.67,1444.1,3732.5,2.58
2008,March,1117.9,3197.0,2.86,461.7,1374.1,2.98,1579.6,4571.1,2.89
2008,April,1059.6,3143.8,2.97,465.3,1443.6,3.10,1525.0,4587.5,3.01
2008,May,1087.7,3465.6,3.19,481.7,1602.9,3.33,1569.4,5068.5,3.23
2008,June,1094.8,3717.1,3.40,486.4,1752.1,3.60,1581.2,5469.2,3.46
2008,July,1133.0,4184.2,3.69,510.8,2093.8,4.10,1643.8,6278.1,3.82
2008,August,1101.5,3747.0,3.40,502.4,1919.3,3.82,1603.9,5666.3,3.53
2008,September,925.3,3083.8,3.33,448.8,1603.3,3.57,1374.1,4687.1,3.41
2008,October,968.3,3088.5,3.19,444.0,1620.9,3.65,1412.3,4709.3,3.33
2008,November,909.1,2276.2,2.50,411.1,1088.5,2.65,1320.2,3364.7,2.55
2008,December,975.0,1930.6,1.98,427.2,926.3,2.17,1402.2,2856.9,2.04
2008 Total,2008 Total,12469.4,37194.9,2.98,5508.9,17773.5,3.23,17978.4,54968.4,3.06
% Chg over 2007,% Chg over 2007,-4.07%,38.27%,44.14%,1.49%,52.11%,49.87%,-2.43%,42.46%,46.01%
2009,January,922.1,1620.4,1.76,416.7,713.6,1.71,1338.9,2334.0,1.74
2009,February,849.6,1567.3,1.84,369.6,677.0,1.83,1219.2,2244.3,1.84
2009,March,966.3,1587.0,1.64,416.5,686.5,1.65,1382.8,2273.5,1.64
2009,April,935.7,1629.3,1.74,417.3,727.4,1.74,1353.0,2356.7,1.74
2009,May,949.3,1648.6,1.74,428.2,734.0,1.71,1377.4,2382.6,1.73
2009,June,973.1,1853.4,1.90,470.0,855.6,1.82,1443.1,2709.0,1.88
2009,July,1026.3,1961.2,1.91,494.7,930.9,1.88,1521.0,2892.1,1.90
2009,August,969.5,1965.4,2.03,458.6,914.9,1.99,1428.1,2880.3,2.02
2009,September,870.8,1735.9,1.99,410.3,828.1,2.02,1281.1,2564.0,2.00
2009,October,913.4,1821.3,1.99,411.4,798.0,1.94,1324.8,2619.3,1.98
2009,November,845.0,1812.7,2.15,384.9,796.1,2.07,1229.9,2608.8,2.12
2009,December,926.5,1965.9,2.12,408.3,852.4,2.09,1334.8,2818.4,2.11
2009 Total,2009 Total,11147.4,21168.5,1.90,5086.6,9514.4,1.87,16234.0,30682.9,1.89
% Chg over 2008,% Chg over 2008,-10.60%,-43.09%,-36.34%,-7.67%,-46.47%,-42.02%,-9.70%,-44.18%,-38.18%
2010,January,872.7,1931.6,2.21,410.0,873.9,2.13,1282.7,2805.5,2.19
2010,February,786.9,1696.7,2.16,361.5,771.0,2.13,1148.4,2467.7,2.15
2010,March,928.2,2046.0,2.20,423.7,911.9,2.15,1351.9,2957.9,2.19
2010,April,900.9,2075.2,2.30,410.5,928.4,2.26,1311.3,3003.6,2.29
2010,May,940.0,2189.7,2.33,453.7,1040.1,2.29,1393.6,3229.8,2.32
2010,June,959.8,2090.8,2.18,468.0,1059.7,2.26,1427.7,3150.5,2.21
2010,July,1010.8,2235.3,2.21,495.9,1091.3,2.20,1506.7,3326.6,2.21
2010,August,994.4,2214.6,2.23,484.2,1069.0,2.21,1478.6,3283.6,2.22
2010,September,914.9,1996.9,2.18,439.8,967.7,2.20,1354.7,2964.6,2.19
2010,October,925.0,2177.1,2.35,446.3,1042.7,2.34,1371.3,3219.8,2.35
2010,November,891.7,2146.2,2.41,411.9,981.6,2.38,1303.6,3127.8,2.40
2010,December,931.5,2303.5,2.47,441.1,1090.7,2.47,1372.6,3394.2,2.47
2010 Total,2010 Total,11056.7,25103.4,2.27,5246.5,11828.1,2.25,16303.2,36931.6,2.27
% Chg over 2009,% Chg over 2009,-0.81%,18.59%,19.56%,3.14%,24.32%,20.53%,0.43%,20.37%,19.85%
2011,January,861.6,2272.2,2.64,448.2,1169.8,2.61,1309.8,3442.0,2.63
2011,February,794.2,2206.1,2.78,395.1,1098.9,2.78,1189.3,3305.0,2.78
2011,March,944.0,2858.6,3.03,466.6,1396.0,2.99,1410.5,4254.5,3.02
2011,April,909.7,2919.7,3.21,460.6,1485.8,3.23,1370.4,4405.5,3.21
2011,May,921.9,2993.1,3.25,476.1,1548.3,3.25,1398.0,4541.4,3.25
2011,June,953.7,2984.1,3.13,494.9,1524.7,3.08,1448.6,4508.8,3.11
2011,July,978.8,3042.7,3.11,528.3,1642.5,3.11,1507.2,4685.2,3.11
2011,August,952.9,2978.3,3.13,508.1,1574.4,3.10,1461.0,4552.7,3.12
2011,September,866.7,2752.4,3.18,453.1,1394.3,3.08,1319.8,4146.7,3.14
2011,October,895.0,2684.7,3.00,443.7,1330.2,3.00,1338.8,4014.9,3.00
2011,November,859.9,2664.2,3.10,409.7,1233.1,3.01,1269.7,3897.4,3.07
2011,December,889.7,2742.9,3.08,436.5,1318.8,3.02,1326.2,4061.7,3.06
2011 Total,2011 Total,10828.3,33099.0,3.06,5521.0,16716.9,3.03,16349.3,49815.9,3.05
% Chg over 2010,% Chg over 2010,-2.07%,31.85%,34.63%,5.23%,41.33%,34.31%,0.28%,34.89%,34.51%
2012,January,808.5,2538.5,3.14,444.2,1371.9,3.09,1252.7,3910.4,3.12
2012,February,788.3,2559.6,3.25,419.6,1323.0,3.15,1207.9,3882.6,3.21
2012,March,891.3,2966.7,3.33,473.6,1563.0,3.30,1364.9,4529.7,3.32
2012,April,844.9,2825.1,3.34,456.5,1522.3,3.33,1301.5,4347.4,3.34
2012,May,885.0,2867.4,3.24,487.3,1577.0,3.24,1372.3,4444.4,3.24
2012,June,905.7,2708.8,2.99,498.2,1525.0,3.06,1403.9,4233.8,3.02
2012,July,918.7,2716.2,2.96,523.5,1531.0,2.92,1442.2,4247.2,2.95
2012,August,904.8,2796.6,3.09,516.2,1574.1,3.05,1421.0,4370.7,3.08
2012,September,816.1,2660.3,3.26,462.3,1450.2,3.14,1278.4,4110.5,3.22
2012,October,827.8,2728.7,3.30,459.3,1490.3,3.25,1287.0,4219.0,3.28
2012,November,795.5,2525.9,3.18,433.7,1319.5,3.04,1229.1,3845.4,3.13
2012,December,851.5,2662.0,3.13,446.9,1383.6,3.10,1298.4,4045.6,3.12
2012 Total,2012 Total,10238.0,32555.9,3.18,5621.2,17630.8,3.14,15859.2,50186.8,3.16
% Chg over 2011,% Chg over 2011,-5.45%,-1.64%,4.03%,1.81%,5.47%,3.59%,-3.00%,0.74%,3.86%
2013,January,810.0,2530.0,3.12,450.1,1394.0,3.10,1260.1,3924.0,3.11
2013,February,737.5,2422.4,3.28,403.6,1298.5,3.22,1141.1,3720.9,3.26
2013,March,870.8,2789.2,3.20,469.1,1505.3,3.21,1339.9,4294.5,3.21
2013,April,839.4,2560.4,3.05,466.0,1416.4,3.04,1305.4,3976.8,3.05
2013,May,867.8,2532.8,2.92,493.1,1416.3,2.87,1360.9,3949.1,2.90
2013,June,889.6,2579.9,2.90,508.8,1469.6,2.89,1398.5,4049.5,2.90
2013,July,926.1,2699.1,2.91,539.3,1565.0,2.90,1465.3,4264.1,2.91
2013,August,897.4,2737.3,3.05,545.5,1576.5,2.89,1442.9,4313.8,2.99
2013,September,798.8,2464.4,3.09,471.9,1410.3,2.99,1270.7,3874.8,3.05
2013,October,839.8,2557.6,3.05,486.2,1410.8,2.90,1326.0,3968.5,2.99
2013,November,801.9,2423.0,3.02,450.9,1309.6,2.90,1252.7,3732.6,2.98
2013,December,877.2,2656.4,3.03,464.1,1391.5,3.00,1341.3,4047.9,3.02
2013 Total,2013 Total,10156.1,30952.5,3.05,5748.6,17163.9,2.99,15904.7,48116.4,3.03
% Chg over 2012,% Chg over 2012,-0.80%,-4.93%,-4.16%,2.27%,-2.65%,-4.81%,0.29%,-4.13%,-4.40%
2014,January,793.7,2453.9,3.09,470.3,1386.3,2.95,1264.1,3840.2,3.04
2014,February,737.8,2246.3,3.04,406.6,1210.2,2.98,1144.5,3456.5,3.02
2014,March,882.6,2651.2,3.00,486.5,1481.3,3.04,1369.0,4132.4,3.02
2014,April,851.1,2536.1,2.98,474.5,1391.7,2.93,1325.6,3927.8,2.96
2014,May,874.0,2612.6,2.99,509.5,1494.7,2.93,1383.5,4107.3,2.97
2014,June,901.2,2677.0,2.97,529.6,1543.1,2.91,1430.8,4220.0,2.95
2014,July,928.1,2783.3,3.00,570.1,1617.1,2.84,1498.2,4400.5,2.94
2014,August,900.4,2685.0,2.98,559.0,1587.9,2.84,1459.3,4272.9,2.93
2014,September,822.5,2376.8,2.89,489.6,1376.8,2.81,1312.2,3753.6,2.86
2014,October,872.5,2349.1,2.69,483.9,1291.6,2.67,1356.4,3640.7,2.68
2014,November,830.0,2138.3,2.58,445.1,1135.6,2.55,1275.1,3273.9,2.57
2014,December,898.9,2080.9,2.32,474.8,1104.4,2.33,1373.6,3185.3,2.32
2014 Total,2014 Total,10292.6,29590.5,2.87,5899.5,16620.7,2.82,16192.2,46211.1,2.85
% Chg over 2013,% Chg over 2013,1.34%,-4.40%,-5.67%,2.63%,-3.17%,-5.64%,1.81%,-3.96%,-5.66%
2015,January,826.8,1600.8,1.94,474.1,964.6,2.03,1300.9,2565.3,1.97
2015,February,755.0,1683.1,2.23,419.8,1031.2,2.46,1174.8,2714.4,2.31
2015,March,906.1,1818.2,2.01,493.0,1021.1,2.07,1399.1,2839.3,2.03
2015,April,884.1,1699.7,1.92,490.4,968.6,1.98,1374.4,2668.3,1.94
2015,May,909.8,1901.9,2.09,522.7,1077.1,2.06,1432.5,2979.0,2.08
2015,June,939.0,1915.3,2.04,538.8,1115.7,2.07,1477.8,3031.0,2.05
2015,July,986.7,1803.6,1.83,568.5,1047.8,1.84,1555.1,2851.4,1.83
2015,August,957.2,1605.2,1.68,557.0,936.5,1.68,1514.2,2541.7,1.68
2015,September,857.1,1365.8,1.59,502.3,783.9,1.56,1359.4,2149.6,1.58
2015,October,901.6,1472.6,1.63,491.8,820.2,1.67,1393.4,2292.8,1.65
2015,November,871.9,1367.5,1.57,446.7,704.4,1.58,1318.6,2071.9,1.57
2015,December,946.1,1366.0,1.44,483.2,727.1,1.50,1429.4,2093.1,1.46
2015 Total,2015 Total,10741.2,19599.6,1.82,5988.3,11198.1,1.87,16729.6,30797.8,1.84
% Chg over 2014,% Chg over 2014,4.36%,-33.76%,-36.53%,1.51%,-32.63%,-33.62%,3.32%,-33.35%,-35.50%
2016,January,855.7,1103.1,1.29,465.4,570.0,1.22,1321.1,1673.1,1.27
2016,February,824.7,1020.9,1.24,419.3,478.9,1.14,1244.0,1499.8,1.21
2016,March,943.9,1207.9,1.28,483.2,586.3,1.21,1427.1,1794.2,1.26
2016,April,903.4,1201.3,1.33,483.3,639.0,1.32,1386.7,1840.3,1.33
2016,May,950.5,1359.4,1.43,510.8,708.1,1.39,1461.3,2067.5,1.41
2016,June,992.2,1778.7,1.79,530.0,1000.8,1.89,1522.3,2779.4,1.83
2016,July,1027.6,1540.6,1.50,559.4,824.7,1.47,1587.0,2365.3,1.49
2016,August,1006.7,1450.8,1.44,546.3,789.0,1.44,1553.0,2239.8,1.44
2016,September,897.3,1327.9,1.48,491.1,695.2,1.42,1388.3,2023.1,1.46
2016,October,919.7,1459.8,1.59,482.5,739.2,1.53,1402.2,2199.0,1.57
2016,November,886.0,1286.4,1.45,432.3,607.0,1.40,1318.3,1893.3,1.44
2016,December,959.6,1543.1,1.61,473.7,736.0,1.55,1433.2,2279.1,1.59
2016 Total,2016 Total,11167.3,16279.9,1.46,5877.3,8374.1,1.42,17044.7,24654.0,1.45
% Chg over 2015,% Chg over 2015,3.97%,-16.94%,-20.11%,-1.85%,-25.22%,-23.81%,1.88%,-19.95%,-21.43%
2017,January,882.4,1451.9,1.65,460.9,753.1,1.63,1343.3,2205.1,1.64
2017,February,804.0,1369.6,1.70,404.0,683.5,1.69,1208.0,2053.1,1.70
2017,March,965.0,1590.9,1.65,481.0,792.7,1.65,1446.1,2383.6,1.65
2017,April,919.2,1525.3,1.66,488.7,798.2,1.63,1408.0,2323.5,1.65
2017,May,963.9,1544.5,1.60,523.2,839.9,1.61,1487.1,2384.5,1.60
2017,June,1008.7,1546.7,1.53,544.9,843.1,1.55,1553.6,2389.8,1.54
2017,July,1037.5,1610.9,1.55,573.6,883.8,1.54,1611.1,2494.7,1.55
2017,August,1030.2,1696.2,1.65,559.1,898.6,1.61,1589.3,2594.8,1.63
2017,September,879.4,1589.1,1.81,494.3,857.1,1.73,1373.6,2446.1,1.78
2017,October,953.4,1735.7,1.82,495.4,896.6,1.81,1448.9,2632.3,1.82
2017,November,921.7,1726.6,1.87,448.8,831.6,1.85,1370.5,2558.2,1.87
2017,December,975.0,1862.6,1.91,480.8,923.4,1.92,1455.8,2785.9,1.91
2017 Total,2017 Total,11340.4,19250.0,1.70,5954.8,10001.6,1.68,17295.3,29251.6,1.69
% Chg over 2016,% Chg over 2016,1.55%,18.24%,16.44%,1.32%,19.43%,17.88%,1.47%,18.65%,16.93%
2018,January,910.7,1837.8,2.02,468.6,946.5,2.02,1379.3,2784.3,2.02
2018,February,850.9,1721.2,2.02,416.4,852.6,2.05,1267.4,2573.8,2.03
2018,March,990.3,1936.7,1.96,492.7,977.1,1.98,1483.0,2913.9,1.96
2018,April,965.4,2005.5,2.08,489.7,1024.9,2.09,1455.1,3030.4,2.08
2018,May,1011.8,2209.9,2.18,531.3,1163.0,2.19,1543.1,3372.8,2.19
2018,June,1038.6,2288.3,2.20,548.5,1222.2,2.23,1587.2,3510.5,2.21
2018,July,1078.4,2365.1,2.19,575.8,1277.8,2.22,1654.2,3643.0,2.20
2018,August,1071.1,2349.2,2.19,559.5,1231.5,2.20,1630.6,3580.7,2.20
2018,September,950.1,2104.8,2.22,503.0,1127.3,2.24,1453.1,3232.1,2.22
2018,October,1003.8,2350.7,2.34,501.4,1184.8,2.36,1505.2,3535.4,2.35
2018,November,970.6,2186.1,2.25,450.6,1037.7,2.30,1421.2,3223.9,2.27
2018,December,1006.7,2047.3,2.03,482.6,1014.7,2.10,1489.2,3062.0,2.06
2018 Total,2018 Total,11848.5,25402.7,2.14,6020.1,13060.1,2.17,17868.6,38462.8,2.15
% Chg over 2017,% Chg over 2017,4.48%,31.96%,26.30%,1.10%,30.58%,29.16%,3.32%,31.49%,27.27%
2019,January,947.7,1808.5,1.91,475.8,908.2,1.91,1423.5,2716.7,1.91
2019,February,874.7,1741.0,1.99,415.9,819.8,1.97,1290.6,2560.8,1.98
2019,March,1031.9,2087.0,2.02,494.4,1003.5,2.03,1526.2,3090.4,2.02
2019,April,992.3,2042.2,2.06,493.8,1013.0,2.05,1486.1,3055.1,2.06
2019,May,1047.1,2217.3,2.12,536.5,1127.8,2.10,1583.6,3345.1,2.11
2019,June,1060.1,2115.1,2.00,555.2,1129.4,2.03,1615.3,3244.5,2.01
2019,July,1099.7,2185.9,1.99,576.1,1138.3,1.98,1675.8,3324.1,1.98
2019,August,1089.5,2110.8,1.94,563.9,1101.6,1.95,1653.3,3212.3,1.94
2019,September,962.6,1888.5,1.96,514.0,1002.1,1.95,1476.6,2890.6,1.96
2019,October,1033.0,2035.0,1.97,508.8,1001.2,1.97,1541.8,3036.2,1.97
2019,November,986.5,1966.6,1.99,457.7,904.1,1.98,1444.2,2870.7,1.99
2019,December,1059.0,2131.1,2.01,493.0,979.5,1.99,1552.1,3110.5,2.00
2019 Total,2019 Total,12184.0,24328.8,2.00,6085.1,12128.3,1.99,18269.0,36457.1,2.00
% Chg over 2018,% Chg over 2018,2.83%,-4.23%,-6.86%,1.08%,-7.13%,-8.13%,2.24%,-5.21%,-7.29%
2020,January,982.3,1950.1,1.99,478.5,944.9,1.97,1460.9,2895.0,1.98
2020,February,926.9,1663.1,1.79,402.1,739.5,1.84,1329.0,2402.6,1.81
2020,March,848.2,1238.7,1.46,320.2,485.3,1.52,1168.4,1723.9,1.48
2020,April,313.0,455.1,1.45,133.8,162.4,1.21,446.9,617.5,1.38
2020,May,297.0,316.3,1.07,156.4,149.7,0.96,453.4,466.1,1.03
2020,June,393.5,442.9,1.13,164.4,161.0,0.98,558.0,603.9,1.08
2020,July,565.7,666.1,1.18,197.4,228.8,1.16,763.1,894.8,1.17
2020,August,589.1,714.0,1.21,212.5,254.6,1.20,801.6,968.6,1.21
2020,September,508.5,599.0,1.18,219.4,253.3,1.15,727.9,852.3,1.17
2020,October,568.9,650.5,1.14,238.5,267.0,1.12,807.4,917.5,1.14
2020,November,593.0,717.9,1.21,251.6,295.0,1.17,844.6,1012.9,1.20
2020,December,646.7,953.0,1.47,271.8,379.3,1.40,918.4,1332.3,1.45
2020 Total,2020 Total,7232.9,10366.7,1.43,3046.7,4320.8,1.42,10279.5,14687.5,1.43
% Chg over 2019,% Chg over 2019,-40.64%,-57.39%,-28.22%,-49.93%,-64.37%,-28.84%,-43.73%,-59.71%,-28.40%
2021,January,579.0,877.7,1.52,265.2,394.4,1.49,844.2,1272.1,1.51
2021,February,525.8,848.4,1.61,230.7,359.5,1.56,756.5,1207.9,1.60
2021,March,713.6,1333.4,1.87,289.7,520.4,1.80,1003.3,1853.8,1.85
2021,April,739.8,1302.5,1.76,300.2,519.8,1.73,1040.0,1822.4,1.75
2021,May,819.4,1632.7,1.99,318.6,618.3,1.94,1138.0,2251.0,1.98
2021,June,897.7,1824.9,2.03,332.0,655.8,1.98,1229.7,2480.7,2.02
2021,July,993.7,1978.3,1.99,354.5,704.1,1.99,1348.2,2682.3,1.99
2021,August,965.2,1907.9,1.98,357.7,701.9,1.96,1322.9,2609.8,1.97
2021,September,884.3,1773.3,2.01,338.8,659.3,1.95,1223.1,2432.6,1.99
2021,October,927.8,2078.0,2.24,348.9,771.8,2.21,1276.7,2849.9,2.23
2021,November,915.1,2109.4,2.31,339.6,789.7,2.33,1254.7,2899.1,2.31
2021,December,976.5,2085.0,2.14,371.6,793.2,2.13,1348.1,2878.2,2.14
2021 Total,2021 Total,9937.8,19751.5,1.99,3847.6,7488.3,1.95,13785.4,27239.8,1.98
% Chg over 2020,% Chg over 2020,37.40%,90.53%,38.67%,26.29%,73.31%,37.23%,34.11%,85.46%,38.30%
2022,January,848.5,2003.4,2.36,359.2,843.2,2.35,1207.6,2846.5,2.36
2022,February,820.0,2123.7,2.59,324.2,856.2,2.64,1144.2,2979.9,2.60
2022,March,980.7,2971.3,3.03,395.5,1211.3,3.06,1376.2,4182.5,3.04
2022,April,933.7,3341.8,3.58,411.5,1481.2,3.60,1345.2,4822.9,3.59
2022,May,962.3,3756.1,3.90,451.7,1753.5,3.88,1414.0,5509.5,3.90
2022,June,968.6,3902.8,4.03,474.1,1931.0,4.07,1442.7,5833.8,4.04
2022,July,1022.4,3759.2,3.68,497.8,1877.1,3.77,1520.2,5636.3,3.71
2022,August,1007.3,3478.4,3.45,496.5,1744.5,3.51,1503.8,5222.8,3.47
2022,September,946.1,3304.2,3.49,455.0,1581.4,3.48,1401.1,4885.6,3.49
2022,October,979.8,3412.4,3.48,453.7,1533.4,3.38,1433.5,4945.8,3.45
2022,November,965.8,3216.7,3.33,431.8,1420.7,3.29,1397.6,4637.4,3.32
2022,December,1006.1,3158.1,3.14,465.3,1467.4,3.15,1471.3,4625.5,3.14
2022 Total,2022 Total,11441.3,38427.9,3.36,5216.2,17700.8,3.39,16657.5,56128.7,3.37
% Chg over 2021,% Chg over 2021,15.13%,94.56%,68.99%,35.57%,136.38%,74.36%,20.83%,106.05%,70.53%
2023,January,972.4,3213.0,3.30,441.9,1400.1,3.17,1414.3,4613.1,3.26
2023,February,905.6,2945.1,3.25,400.1,1265.3,3.16,1305.7,4210.5,3.22
2023,March,1065.0,3120.6,2.93,480.2,1383.5,2.88,1545.2,4504.1,2.91
2023,April,997.2,2654.2,2.66,487.1,1290.2,2.65,1484.3,3944.5,2.66
2023,May,1042.2,2550.1,2.45,525.6,1278.8,2.43,1567.7,3828.9,2.44
2023,June,1058.6,2582.0,2.44,540.2,1294.6,2.40,1598.8,3876.5,2.42
2023,July,1108.6,2768.6,2.50,570.3,1394.1,2.44,1678.9,4162.8,2.48
2023,August,1107.3,3146.3,2.84,567.2,1578.9,2.78,1674.5,4725.2,2.82
2023,September,997.9,3172.2,3.18,515.0,1605.1,3.12,1512.9,4777.3,3.16
2023,October,1072.2,3348.3,3.12,516.2,1606.8,3.11,1588.5,4955.1,3.12
2023,November,1016.9,3069.9,3.02,486.1,1458.9,3.00,1503.0,4528.8,3.01
2023,December,1057.7,2957.2,2.80,525.6,1471.3,2.80,1583.4,4428.5,2.80
2023 Total,2023 Total,12401.5,35527.4,2.86,6055.5,17027.7,2.81,18457.1,52555.1,2.85
% Chg over 2022,% Chg over 2022,8.39%,-7.55%,-14.71%,16.09%,-3.80%,-17.14%,10.80%,-6.37%,-15.50%
2024,January,956.7,2592.2,2.71,499.9,1342.7,2.69,1456.6,3935.0,2.70
2024,February,933.5,2663.5,2.85,457.7,1277.1,2.79,1391.2,3940.6,2.83
2024,March,1071.1,2975.2,2.78,529.7,1458.1,2.75,1600.8,4433.3,2.77
2024,April,1042.2,2878.6,2.76,524.8,1436.2,2.74,1567.0,4314.8,2.75
2024,May,1089.1,2884.0,2.65,556.7,1475.4,2.65,1645.8,4359.4,2.65
2024,June,1103.4,2800.0,2.54,579.6,1474.4,2.54,1683.0,4274.4,2.54
2024,July,1136.8,2929.6,2.58,598.0,1545.8,2.58,1734.8,4475.4,2.58
2024,August,1104.1,2704.8,2.45,580.8,1457.8,2.51,1684.9,4162.6,2.47
2024,September,1009.2,2329.4,2.31,522.5,1234.2,2.36,1531.7,3563.6,2.33
2024,October,1047.7,2392.1,2.28,527.8,1219.8,2.31,1575.6,3611.8,2.29
2024,November,1005.1,2324.3,2.31,489.5,1126.4,2.30,1494.6,3450.6,2.31
2024,December,1063.4,2467.5,2.32,534.0,1246.4,2.33,1597.3,3713.9,2.33
2024 Total,2024 Total,12562.3,31941.1,2.54,6401.0,16294.2,2.55,18963.3,48235.3,2.54
% Chg over 2023,% Chg over 2023,1.30%,-10.09%,-11.25%,5.70%,-4.31%,-9.47%,2.74%,-8.22%,-10.67%
2025,January,959.1,2325.5,2.42,496.5,1199.7,2.42,1455.6,3525.2,2.42
2025,February,914.1,2233.0,2.44,444.2,1091.7,2.46,1358.4,3324.7,2.45
2025,March,1076.7,2587.7,2.40,531.8,1288.6,2.42,1608.6,3876.3,2.41
2025,April,1044.5,2409.9,2.31,530.4,1223.9,2.31,1574.9,3633.9,2.31
2025,May,1080.9,2382.6,2.20,555.3,1238.2,2.23,1636.3,3620.8,2.21
2025,June,1104.8,2442.3,2.21,579.2,1291.3,2.23,1684.0,3733.6,2.22
2025,July,1148.1,2687.7,2.34,612.3,1428.1,2.33,1760.4,4115.8,2.34
2025,August,1080.8,2482.3,2.30,596.3,1368.3,2.29,1677.1,3850.7,2.30
2025,September,982.0,2259.4,2.30,531.7,1228.2,2.31,1513.7,3487.6,2.30
2025,October,1069.0,2506.9,2.35,538.9,1259.9,2.34,1608.0,3766.9,2.34
2025,November,990.3,2403.7,2.43,492.9,1182.4,2.40,1483.2,3586.1,2.42
2025,December,1067.5,2458.5,2.30,546.7,1281.2,2.34,1614.2,3739.7,2.32
2025 Total,2025 Total,12518.1,29179.6,2.33,6456.3,15081.6,2.34,18974.4,44261.2,2.33
% Chg over 2024,% Chg over 2024,-0.35%,-8.65%,-8.32%,0.86%,-7.44%,-8.23%,0.06%,-8.24%,-8.29%
2026,January,937.8,2208.2,2.35,502.8,1183.4,2.35,1440.6,3391.6,2.35
2026,February,904.1,2160.0,2.39,447.8,1072.9,2.40,1351.9,3232.9,2.39
2026,March,1080.1,3438.4,3.18,535.2,1617.3,3.02,1615.3,5055.7,3.13
2026 YTD,2026 YTD,2922.0,7806.6,2.67,1485.9,3873.6,2.61,4407.8,11680.2,2.65
% Chg over 2025 YTD,% Chg over 2025 YTD,-0.95%,9.24%,10.29%,0.90%,8.20%,7.24%,-0.33%,8.89%,9.26%
,,,,,,,,,,
